,Open,High,Low,Close
240,228.3999938964844,230.1999969482422,225.8600006103516,227.4600067138672
241,230.22999572753903,233.0,228.009994506836,232.92999267578125
242,232.38999938964844,232.72999572753903,227.8500061035156,231.1499938964844
243,230.7700042724609,231.3999938964844,220.1100006103516,220.5200042724609
244,224.9100036621093,226.08999633789065,222.9199981689453,223.2899932861328
245,219.83999633789065,226.2100067138672,218.72999572753903,224.9199981689453
246,225.009994506836,226.8800048828125,223.8999938964844,225.0599975585937
