,Open,High,Low,Close
240,247.82000732421875,249.2899932861328,246.2400054931641,248.1300048828125
241,247.9900054931641,251.3800048828125,247.6499938964844,251.0399932861328
242,250.0800018310547,253.8300018310547,249.77999877929688,253.47999572753903
243,252.1600036621093,254.27999877929688,247.7400054931641,248.0500030517578
244,247.5,252.0,247.08999633789065,249.7899932861328
245,248.0399932861328,255.0,245.69000244140625,254.4900054931641
246,254.7700042724609,255.6499938964844,253.4499969482422,255.2700042724609
